{"accuracy": [0.38749998807907104, 0.949999988079071, 0.9750000238418579, 0.9916666746139526, 1.0, 1.0, 1.0, 1.0, 1.0, 1.0], "loss": [1.404602289199829, 0.4476795196533203, 0.07684779167175293, 0.029596053063869476, 0.006808463018387556, 0.0037054778076708317, 0.0010049563134089112, 0.0018107624491676688, 0.00179015239700675, 0.0028382777236402035], "val_accuracy": [0.9333333373069763, 1.0, 1.0, 1.0, 1.0, 1.0, 1.0, 1.0, 1.0, 1.0], "val_loss": [0.9243390560150146, 0.05509793013334274, 0.005899431183934212, 0.019660742953419685, 0.0017984261503443122, 0.002245090901851654, 0.0034213976468890905, 0.0026045963168144226, 0.0015529057709500194, 0.00033669910044409335]}